{"cameraMode":{"drawMode":0,"name":"Shaded","section":"Shading Mode"},"sceneLighting":true,"audioPlay":false,"sceneViewState":{"showFog":true,"showMaterialUpdate":false,"showSkybox":true,"showFlares":true,"showImageEffects":true,"showParticleSystems":true},"in2DMode":false,"pivot":{"x":-0.7655584812164307,"y":2.8667519092559816,"z":3.0726051330566408},"rotation":{"x":-0.0011930102482438088,"y":-0.002097177552059293,"z":0.000001129665065491281,"w":1.0000048875808716},"size":21.641616821289064,"orthographic":false}